{
"meta":{"test_sets":[],"test_metrics":[],"learn_metrics":[{"best_value":"Min","name":"MultiClass"}],"launch_mode":"Train","parameters":"","iteration_count":100,"learn_sets":["learn"],"name":"experiment"},
"iterations":[
{"learn":[1.597069278],"iteration":0,"passed_time":5.146373838,"remaining_time":509.4910099,,
{"learn":[1.587930455],"iteration":1,"passed_time":9.698951368,"remaining_time":475.248617,,
{"learn":[1.576384858],"iteration":2,"passed_time":14.46113319,"remaining_time":467.5766399,,
{"learn":[1.566268234],"iteration":3,"passed_time":19.28708312,"remaining_time":462.8899948,,
{"learn":[1.553700056],"iteration":4,"passed_time":24.53575587,"remaining_time":466.1793615,,
{"learn":[1.538086842],"iteration":5,"passed_time":30.03399126,"remaining_time":470.532529,,,
{"learn":[1.528450492],"iteration":6,"passed_time":34.27285311,"remaining_time":455.339334,,,
{"learn":[1.518130207],"iteration":7,"passed_time":38.29100681,"remaining_time":440.346578,,,
{"learn":[1.507342916],"iteration":8,"passed_time":41.25550743,"remaining_time":417.139019,
,
{"learn":[1.497861246],"iteration":9,"passed_time":44.23650501,"remaining_time":398.128545,
,
{"learn":[1.488854947],"iteration":10,"passed_time":46.85961388,"remaining_time":379.13687,
{,
{"learn":[1.478682121],"iteration":11,"passed_time":50.33870001,"remaining_time":369.1504,,
{,
{"learn":[1.467797456],"iteration":12,"passed_time":54.74679201,"remaining_time":366.3823,,
{,
{"learn":[1.459508556],"iteration":13,"passed_time":58.16802927,"remaining_time":357.3178,,
{,
{"learn":[1.44599142],"iteration":14,"passed_time":61.26166352,"remaining_time":347.1494,
,
,
{"learn":[1.438364814],"iteration":15,"passed_time":64.25144894,"remaining_time":337.3201,
{",
{"learn":[1.427366027],"iteration":16,"passed_time":67.21030875,"remaining_time":328.1444,
{",
{"learn":[1.416334002],"iteration":17,"passed_time":70.20390721,"remaining_time":319.8177,
{",
{"learn":[1.408348656],"iteration":18,"passed_time":73.3187873,"remaining_time":312.5695,,
{,
{"learn":[1.400951063],"iteration":19,"passed_time":76.85600351,"remaining_time":307.4240,
{,
{"learn":[1.39272794],"iteration":20,"passed_time":80.12420607,"remaining_time":301.41963,,
,
{"learn":[1.383009031],"iteration":21,"passed_time":82.63766408,"remaining_time":292.98808,,
,
{"learn":[1.372415236],"iteration":22,"passed_time":85.60060336,"remaining_time":286.57593,,,
{"learn":[1.362567089],"iteration":23,"passed_time":88.36825734,"remaining_time":279.83281,
,,
{"learn":[1.3527291],"iteration":24,"passed_time":91.01553642,"remaining_time":273.0466093,,
{"learn":[1.332489659],"iteration":25,"passed_time":93.01789143,"remaining_time":264.7432295,,
{"learn":[1.32490342],"iteration":26,"passed_time":95.92040904,"remaining_time":259.3403652},
{"learn":[1.318228313],"iteration":27,"passed_time":99.43272477,"remaining_time":255.684149,
,
{"learn":[1.308124026],"iteration":28,"passed_time":102.9329187,"remaining_time":252.008180,
,
{"learn":[1.297126814],"iteration":29,"passed_time":105.8464977,"remaining_time":246.975161,
,
{"learn":[1.287825898],"iteration":30,"passed_time":109.1070665,"remaining_time":242.851212,
{"learn":[1.274265708],"iteration":31,"passed_time":112.655948,"remaining_time":239.3938896},
,
{"learn":[1.269107916],"iteration":32,"passed_time":116.0677853,"remaining_time":235.65277,
{,
{"learn":[1.257920593],"iteration":33,"passed_time":118.9320969,"remaining_time":230.86818,
,,
{"learn":[1.24903043],"iteration":34,"passed_time":121.9832539,"remaining_time":226.540328,
,
{"learn":[1.240396705],"iteration":35,"passed_time":124.9164847,"remaining_time":222.07375,
{,
{"learn":[1.232933967],"iteration":36,"passed_time":127.7481748,"remaining_time":217.51716,
{,
{"learn":[1.227105642],"iteration":37,"passed_time":131.4411794,"remaining_time":214.456,
{"l,
{"learn":[1.218911621],"iteration":38,"passed_time":134.762785,"remaining_time":210.7828,
{",
{"learn":[1.213065037],"iteration":39,"passed_time":137.4599279,"remaining_time":206.1898,
{",
{"learn":[1.204944463],"iteration":40,"passed_time":140.0898483,"remaining_time":201.5927,
{",
{"learn":[1.198954329],"iteration":41,"passed_time":143.0788956,"remaining_time":197.5851,
{",
{"learn":[1.190121098],"iteration":42,"passed_time":145.9127616,"remaining_time":193.4192,
{",
{"learn":[1.181744227],"iteration":43,"passed_time":149.5067733,"remaining_time":190.281,
{"l,
{"learn":[1.172981567],"iteration":44,"passed_time":152.5550705,"remaining_time":186.456,
{"l,
{"learn":[1.166511],"iteration":45,"passed_time":155.5503937,"remaining_time":182.602636,,
{"learn":[1.157846575],"iteration":46,"passed_time":159.0453969,"remaining_time":179.3490646,,
{"learn":[1.150590889],"iteration":47,"passed_time":162.6070106,"remaining_time":176.157594,
,
{"learn":[1.143189572],"iteration":48,"passed_time":167.228688,"remaining_time":174.054348,
,
{"learn":[1.135768524],"iteration":49,"passed_time":170.9850417,"remaining_time":170.985041,
,
{"learn":[1.129016402],"iteration":50,"passed_time":175.4580673,"remaining_time":168.57735,
{,
{"learn":[1.122143735],"iteration":51,"passed_time":179.065581,"remaining_time":165.29130,
{,
{"learn":[1.116023497],"iteration":52,"passed_time":181.8028849,"remaining_time":161.22142,
{"learn":[1.101191257],"iteration":53,"passed_time":185.031227,"remaining_time":157.6191933},
{"learn":[1.093451995],"iteration":54,"passed_time":188.5872089,"remaining_time":154.2986255},
{"learn":[1.087477199],"iteration":55,"passed_time":193.1151679,"remaining_time":151.7333462},
{,
{"learn":[1.079854103],"iteration":56,"passed_time":195.9764668,"remaining_time":147.84189,
,
{"learn":[1.07285585],"iteration":57,"passed_time":199.6492074,"remaining_time":144.573564},
{"learn":[1.066832708],"iteration":58,"passed_time":203.2185658,"remaining_time":141.2196813},
{"learn":[1.057527653],"iteration":59,"passed_time":207.3799614,"remaining_time":138.2533076},
{"learn":[1.051626191],"iteration":60,"passed_time":210.6811077,"remaining_time":134.69775,
{"learn":[1.040440759],"iteration":61,"passed_time":213.0172687,"remaining_time":130.5589711},
{"learn":[1.033097432],"iteration":62,"passed_time":215.5525868,"remaining_time":126.5943764},
{"learn":[1.022921927],"iteration":63,"passed_time":218.8983339,"remaining_time":123.1303128},
{"learn":[1.016268543],"iteration":64,"passed_time":222.4572686,"remaining_time":119.7846831},
{,
{"learn":[1.017635207],"iteration":65,"passed_time":227.3956549,"remaining_time":117.14321,
{,
{"learn":[1.009547408],"iteration":66,"passed_time":231.4029345,"remaining_time":113.97457,
{,
{"learn":[1.004299663],"iteration":67,"passed_time":236.298649,"remaining_time":111.1993643,,
{"learn":[0.9973996416],"iteration":68,"passed_time":240.6811983,"remaining_time":108.1321326,,
{"learn":[0.9905241987],"iteration":69,"passed_time":244.4874913,"remaining_time":104.7803534,,
{"learn":[0.9841265659],"iteration":70,"passed_time":248.2110096,"remaining_time":101.3819617,,
{"learn":[0.9784330635],"iteration":71,"passed_time":251.3688579,"remaining_time":97.75455585,,
{"learn":[0.9698029649],"iteration":72,"passed_time":254.4781112,"remaining_time":94.12204115,,
{"learn":[0.9647332174],"iteration":73,"passed_time":258.2868713,"remaining_time":90.74944128,,
{"learn":[0.9590555613],"iteration":74,"passed_time":262.5517276,"remaining_time":87.5172425,
,
{"learn":[0.9534136941],"iteration":75,"passed_time":266.4276992,"remaining_time":84.1350629,,
{"learn":[0.9445185516],"iteration":76,"passed_time":269.2615906,"remaining_time":80.42878681,,
{"learn":[0.9371788449],"iteration":77,"passed_time":272.7547917,"remaining_time":76.93083867,
{"learn":[0.9398570601],"iteration":78,"passed_time":275.2962797,"remaining_time":73.18002373},
{"learn":[0.9349122853],"iteration":79,"passed_time":278.8278105,"remaining_time":69.70695262},
{"learn":[0.9282036497],"iteration":80,"passed_time":281.5292869,"remaining_time":66.03773397},
{"learn":[0.9235501373],"iteration":81,"passed_time":284.4751354,